predicted,unid. real,texto
grama,ampola,ceftriaxona sodica 9 g inj amp g
comp,ampola,ondansetrona 9 mg 9 ml sol inj cx 9 ampolas
comp,ampola,butilescopolamina dipirona sodica 9 ml cx 9 amp
ampola,ampola,heparina sodica 9 ui 9 ml inj sub 9 amp
ml,ampola,agua bidestilada cx c 9 amp x 9 ml farmace lt 9 e 9 fab val
comp,ampola,atropina 9 mg sol inj amp 9 ml isofarma p
grama,ampola,hyplex b inj cx 9 amp complexo b
comp,ampola,hidrocortisona 9 mg injetavel cx 9 ampolas
comp,ampola,lidocaina 9 s v amp 9 ml hypocaina
indefinido,ampola,omeprazol 9 mg injetavel cx 9 ampolas cristalia
indefinido,ampola,butilbrometo escop 9 mg ml amp g
indefinido,ampola,dipirona sodica injetavel cx 9 ampolas
indefinido,caixa,luva cirurgica esteril n 9 c inmetro antiderrapante cx c 9 marca maxitex
indefinido,caixa,ceftriaxona 9 gr iv cx 9 fa celltriaxon fab cellofarm
frasco,caixa,ranitidina 9 mg ml 9 ml cx c 9 hypofarma
indefinido,caixa,cx gordura tigre dn 9
caixa,caixa,luva de procedimento p cx 9
comp,caixa,loratadina 9 mg 9 bl x 9 comp cx c 9 comp
caixa,caixa,nylon 9 9 c ag 9 cm cx 9
grama,caixa,pentasa 9 mg cx 9 cpr mesalazina ferring
caixa,caixa,benzilpenicilina 9 cx 9
ml,caixa,ocitocina 9 ui inj 9 ml cx 9 oxiton
caixa,caixa,lidocaina a 9 s v 9 ml gen cx 9
comp,caixa,ceftriaxona 9 g iv im s dil cx 9 amplospec
caixa,caixa,tenoxican 9 mg inj cx 9
caixa,caixa,luva de procedimento m cx 9
indefinido,caixa,luva procedimento tam m cx 9 pares medix
comp,caixa,omeprazol 9 mg injetavel cx 9 ampolas oprazon
m3,cilindro,oxigenio med em cil 9 m 9 tg 9 na un 9
unidade,cilindro,ar med cil 9 m 9 om 9 l onu 9 na 9 9
indefinido,cilindro,oxigenio ppu
ml,cilindro,oxigenio med em cil 9 m 9 tq 9 na 9 onu
indefinido,comp,levonorg etinilest 9 caps
comp,comp,metformina 9 mg cpr
grama,comp,hioscina dipirona 9 mg cx 9 comp pharlab
comp,comp,diazepam 9 mg 9 cp b 9
comp,comp,diazepam 9 mg cx 9 comp b 9
comp,comp,metronidazol 9 mg comp gen
comp,comp,atenolol 9 mg cx 9 comp vitamedic
comp,comp,diazepam 9 mg 9 cp b 9
comp,comp,sulfametoxazol trimetoprima 9/9 mg cx 9 cpr
comp,comp,cefalexina 9 mg comp gen
indefinido,comp,fluconazol 9 mg cmp medqu
comp,comp,clonazepam 9 mg c 9 cpr s zilepam b 9 geolab go
indefinido,comp,loratadina 9 mg comprimidos
comp,comp,azitromicina 9 mg c 9 comp medquimica medquimica
comp,comp,captopril 9 mg cpr
comp,comp,cetoconazol 9 mg comp prati donaduzzi
comp,comp,metildopa 9 mg cpr
comp,comp,espironolactona 9 mg c 9 comp hip hipolabor hosp
indefinido,comp,baclofeno 9 mg c 9 comp lote 9
comp,comp,dipirona 9 mg c 9 comp greenpharma greenpharma
comp,comp,engov c 9 x 9 cpr
comp,comp,meclin 9 mg c 9 comp
comp,comp,baclofeno 9 mg c 9 comp teuto teuto
comp,comp,afolic 9 mg c 9 comp hosp natulab hosp
kg,comp,cimetidina 9 mg cpr g
unidade,comp,halo 9 mg haloperidol 9 cpr c 9
comp,comp,fluoxetina 9 mg 9 caps
comp,comp,dipirona sodica 9 mg comp hosp
comp,comp,metronidazol 9 mg generico cprs prati donaduzzi pr
indefinido,comp,carbamazepina 9 mg cpr brainfarma
unidade,comp,9 amitripitilina 9 mg comprimido
comp,comp,albendazol 9 mg c 9 cpr gen
comp,comp,albendazol 9 mg 9 cp
comp,comp,metildopa 9 mg c 9 comp imposto ibpt nacional 9
comp,comp,venlaxin 9 mg com 9 cpr
comp,comp,amiodarona 9 mg 9 cp
comp,comp,carbamazepina 9 mg c 9 cx 9 comp medley
indefinido,comp,prometazina 9 mg comp teuto
ampola,comp,sulfato ferroso 9 mg c 9 comp
ml,comp,sinvastatina sinvaston 9 mg comp sanval
comp,comp,metformina 9 mg 9 cp
comp,comp,reuquinol 9 mg com 9 cpr
comp,comp,decnazol 9 mg c 9 comp pharla pharlab hosp
comp,comp,ampicilina 9 mg caps gen
comp,comp,fluxon 9 mg c 9 comp neo hosp neo hospitalar
comp,comp,paracetamol 9 mg tylalgin cpr
comp,comp,alivium 9 ts 9 mg c 9 comp
grama,comp,metildopa 9 mg cx 9 comp g
indefinido,comp,gamax com 9 cpr
comp,comp,gardenal 9 mg 9 cp
ml,conjunto,coloracao panotico rapido conj 9 x 9 ml
ml,conjunto,coloracao panotico rapido conj 9 x 9 ml
indefinido,conjunto,alavanca seldin jogo adulto c 9
indefinido,conjunto,jg pastilha freio traseiro
indefinido,conjunto,jogo de cabo de vela de ignicao
indefinido,conjunto,raio jg trazeiro 9
indefinido,conjunto,filtro cj cabine carvao ativado
indefinido,conjunto,jogo junta superior c ret
indefinido,conjunto,jogo de juntas parcial do motor
indefinido,conjunto,jg lona freio diant tras vw 9 9 9
indefinido,conjunto,jg reparo pinca
conjunto,conjunto,jg junta completo
indefinido,conjunto,jogo de pastilhas do freio diant
indefinido,conjunto,conj pagao para maternidade 9 par de sapato 9 par de luvas 9 pano de chupeta e 9 lencol de xixi 9 algodao
indefinido,conjunto,cj potes de vidro 9 pcs
indefinido,frasco,clor cefepima 9 g po p sol inj cx 9 f cefepima cloridrato aurobindo
indefinido,frasco,bio latex fr completo quibasa
indefinido,frasco,compexo b liquido fr 9 ml medqu
ml,frasco,actilyse 9 mg cx 9 f a dil 9 ml canu alteplase boehringer
ml,frasco,annita 9 mg sus fr 9 ml
comp,frasco,azitromicina 9 mg susp fr 9 ml pharlab
ml,frasco,omeprazol 9 mg 9 ml dil cx 9 f a blausiegel
indefinido,frasco,vitamina c 9 mg f a 9 ml farmace
comp,frasco,paracetamol 9 mg fr c 9 ml lote g 9
indefinido,frasco,fr latex 9 ml marca biotecnica lote 9 h 9 a
ml,frasco,cefalexina 9 ml ml po o susp oral fr 9 ml
caixa,frasco,ceftriaxona amplospec 9 g f a biochimico
frasco,frasco,agua bidestilada f a 9 ml isofarma
comp,frasco,omeprazol 9 mg c 9 fr c dil oprazon
indefinido,galao,pinta piso azul gl gl 9 x 9
caixa,galao,dialine esm platina gl gl 9 x 9
indefinido,galao,esm sint gl marrom conhaque hidro
unidade,grama,papel oficio a 9 9 x 9 9 g copimax
grama,grama,almondegas ao molho de tomate 9 g
grama,grama,vaselina pomada 9 g
grama,grama,leite em po italac int 9 x 9 gr
ml,grama,metronidazol 9 g 9 mg 9 g creme
indefinido,grama,marreta oitavada 9 g forjada ref 9/9
grama,grama,pastilha sanitaria tri d lavanda 9 g
ml,grama,metronidazol 9 mg gel vag apl bisn 9 gr prati donaduzzi
comp,grama,ampicilina 9 g c 9 gen
indefinido,grama,neomicina bacitracina 9 g sobral neo
grama,grama,macarrao tipo espaquete 9 g
grama,grama,algodao hidrofilo 9 gr
ml,grama,nebaciderme 9 g pomada mult
indefinido,grama,papel a 9 9 g
indefinido,grama,neomicina bacitracina pomada 9 g lote 9/9
grama,grama,acrysof sa 9 at 9 g ms 9 lote 9 val 9 9
grama,grama,leite em po italac 9 g
grama,grama,dexa 9 g creme 9 mg g
indefinido,grama,babymed rosa 9 g cimed
comp,grama,metronidazol 9 mg g gel vaginal 9 bg 9
grama,grama,leite em po integral italac 9 x 9 g
conjunto,grama,doce de leite pastoso sem corantes embal c 9 gr marca triangulo
grama,grama,flocao sao braz 9 x 9 g
comp,grama,ceftriaxona 9 g po sol inj im iv cx 9
indefinido,grama,kolagenase c cloraf pom 9 gr f
indefinido,grama,cetoconazol creme 9 g sobral
metro,grama,papel filipaper casca de ovo branco 9 g fl
grama,grama,acrysof sa 9 at 9 g ms 9 lote 9 val 9 9
grama,grama,sab o em p guarani sach 9 x 9 g
grama,grama,sab o em p guarani sach 9 x 9 g
indefinido,grama,margarina produzida excl de gordura vegetal adicao de sal com gordura trans embal c 9 gr marca deline
indefinido,grama,kollagenase c cloraf bisn 9 g cx 9
grama,grama,neomicina bacit pom nebactrina 9 gr
ml,grama,algodao em rolo hidrofilo 9 gr marca melhor med
grama,grama,caldo de galinha 9 x 9 g
indefinido,grama,bombom sortidos garoto 9 gr
indefinido,grama,papel a 9 9 9 9 g amarelo
grama,grama,caldo arisco galinha 9 x 9 g
kg,grama,leite em po integral saco 9 g
grama,grama,macarrao tipo espaquete 9 g
grama,grama,flocao sao braz 9 x 9 g
grama,grama,bolacha crean ckacer 9 gr
grama,grama,cafe nordestino 9 g
comp,grama,hidrocortisona 9 mg creme 9 g uniao quimica
grama,grama,cafe santa clara 9 g
grama,grama,proteina texturizada de soja supresoy carne 9 g
grama,grama,metronidazol gel vag 9 mg g
grama,grama,estriol creme vaginal 9 mg 9 g
grama,grama,metronidazol gel vaginal 9 mg g
grama,grama,biscoito doce maria 9 gr
grama,grama,pao tipo hot dog pct 9 g
grama,grama,clips n 9/9 9 g
indefinido,indefinido,banana prata
indefinido,indefinido,regua moldura cml h 9 9 mm fen
indefinido,indefinido,almo o
indefinido,indefinido,suxametonio 9 mg marca blau
indefinido,indefinido,laranja
indefinido,indefinido,sifao univ ssum br 9 astra
indefinido,indefinido,veste para vel rio feminino
indefinido,indefinido,cap soldavel 9 mm tigre
indefinido,indefinido,ferro sinobras 9/9 const barra tributos incidentes 9 r 9 fonte ibpt 9
indefinido,indefinido,tijolos de lajota com oito furos
litro,indefinido,oleo spray white lub anti ferr 9 ml
indefinido,indefinido,gama gt lote 9 validade
indefinido,indefinido,vidro incolor 9 mm
indefinido,indefinido,fita adesiva para autoclave 9 x 9 m missner
indefinido,indefinido,macaranduba madeira serrada ripa
indefinido,indefinido,miconazol 9 p creme vaginal
indefinido,indefinido,benzilpenicilina benzatina 9 ui
indefinido,indefinido,fita adesiva 9 x 9 acrifit transp
indefinido,indefinido,luva cir esteril 9
indefinido,indefinido,arroz parbolizado
indefinido,indefinido,ficha de acompanhamento pedag do diretor
indefinido,indefinido,cloridrato de ciprofloxacino 9 mg prati donaduzzi
indefinido,indefinido,reps estamparia chitao
indefinido,indefinido,heparina sodica 9 ui sol inj
indefinido,indefinido,placa isopor 9 mm
indefinido,indefinido,telhas colonial tipo 9
grama,indefinido,sulfato de polimixina b 9 ui l 9 q 9 f v
indefinido,indefinido,banana
grama,indefinido,hidrocortisona 9 mg
indefinido,indefinido,linha 9 x 9
indefinido,indefinido,psf tancredo neves sanit rio consult rio 9
indefinido,indefinido,terno completo kgs
grama,indefinido,paroxetina c 9 9 mg
indefinido,indefinido,papel cart o filiper a 9 bc
indefinido,indefinido,esmalte sintetico latao
indefinido,indefinido,hemstab ref 9 9 lote 9 validade
indefinido,indefinido,meia esportiva masculina selene
indefinido,indefinido,ovo de galinha
indefinido,indefinido,ovos com 9 marca lourdes hortifrut
indefinido,indefinido,saco plast transparente 9 x 9 micras
indefinido,indefinido,nitrofurasona pomada prati l 9 v 9/9
comp,indefinido,ciprofibrato 9 mg c 9
indefinido,indefinido,tecido brim prof 9 algodao amarelo
indefinido,indefinido,amoxicilina 9 mg prati l 9 v 9/9
litro,indefinido,saco para lixo preto 9 lt
indefinido,indefinido,baton bastao choc leite
indefinido,indefinido,almotolia plast bico reto 9 ml j prolab l 9 val indet
indefinido,indefinido,papel madeira
indefinido,indefinido,rpr bras estab p vdrl 9 x 9 ml 9 testes
indefinido,indefinido,tubo sul minas pvc sold 9 mm 9 mt
indefinido,indefinido,oxigenio liquido caminh tanque
indefinido,indefinido,reparo
indefinido,indefinido,coentro verde
indefinido,indefinido,gripee 9/9
indefinido,indefinido,protese cabeca de radio 9 mm lote l 9
indefinido,indefinido,suco de fruta
grama,indefinido,extrato de tomate 9 g
indefinido,indefinido,luva de cromo cano curto tributos incidentes 9 r 9 fonte ibpt
indefinido,indefinido,massa corrida latao eucatex
indefinido,indefinido,filtro
indefinido,indefinido,fita dupla face eurocel 9 x 9 sf 9
indefinido,indefinido,lapis de cor labra grande
indefinido,indefinido,caldo de galinha constitu do basicamente de
indefinido,indefinido,ar cond split 9 btus kos 9 fc princess komeco
indefinido,indefinido,tornozeleira nylon emborrachado 9 kg
indefinido,indefinido,luva ciriugica est n 9 lt 9
indefinido,indefinido,caneta alta rotacao
comp,indefinido,cartolina guache fosco 9 x 9 cores vmp
indefinido,indefinido,junta tpa valvula
indefinido,indefinido,manual de direito civil volume unico 9 ed 9
indefinido,indefinido,metildopa 9 mg sanval tensioval
indefinido,indefinido,tom 9 pt 9 a claris c pl prm 9 tributos incidentes 9 r 9 fonte ibpt prm 9
indefinido,indefinido,biperideno 9 mg uniao quimica
indefinido,indefinido,diesel s 9
indefinido,indefinido,blocos receitu rio de controle especial
indefinido,indefinido,amortecedor dianteiro
indefinido,indefinido,fosfatase alcalina liquiform ref 9 9/9 lote 9 validade
indefinido,indefinido,luvas cirurgicas 9
indefinido,indefinido,papel a 9 branco
indefinido,indefinido,luva cirurgica 9 esteril
indefinido,indefinido,grelha quadrada br 9 x 9 cm gr 9
indefinido,indefinido,oleo diesel s 9
metro,indefinido,paraf 9 x 9 cabeca chata phs bicro 9 x 9 mdf
indefinido,indefinido,luva esteril n 9
indefinido,indefinido,saco 9 lts infectante c registro anvisa
indefinido,indefinido,folha de isopor 9 mm
indefinido,indefinido,casinha divertida 9 monte libano
indefinido,indefinido,elemento
indefinido,indefinido,oleo diesel b s 9 comum
indefinido,indefinido,saco p lixo 9 lt dona limpa
comp,indefinido,pds ii vlt 9 9 9 cm ps 9 z 9 g marca ethicon
indefinido,indefinido,papel a 9 rino rs
indefinido,indefinido,alcool etilico 9 9 ml ricie
indefinido,indefinido,benzilpenicilina 9 ui im
indefinido,indefinido,folha eva 9 x 9 lisa
indefinido,indefinido,canela
indefinido,indefinido,bilirrubina ref 9 lote 9 validade
indefinido,indefinido,transferencia de saldo credor de icms
indefinido,indefinido,ar condicionado tipo split de 9 btu s
indefinido,indefinido,fardamento profissional
indefinido,indefinido,tijolo de ceramica 9 furos
indefinido,indefinido,pastilha freio fiat 9 rcpt 9 trw
comp,indefinido,cabo flex 9 kv 9 mm corfio pr
indefinido,indefinido,papel higienico
comp,indefinido,pds ii vlt 9 9 9 cm ps 9 z 9 g marca ethicon
indefinido,indefinido,ovo de galinha
ml,indefinido,gasolina tipo c no onu 9 cl 9 grp emb ii
indefinido,indefinido,luva cirurgica n 9 esteril marca mucambo
indefinido,indefinido,bota elast s cadarco 9 crival
indefinido,indefinido,cimento cpii z 9 rs nbr 9 nbr 9
unidade,indefinido,pds plus vlt 9 ct c ag 9 cm 9/9 cil cod pdp 9 h marca ethicon
indefinido,indefinido,sulfa trimetropina 9 ml sobral
indefinido,indefinido,coentro mol
indefinido,indefinido,tomate
indefinido,indefinido,parafuso 9 x 9
indefinido,indefinido,ceram eliz 9 a cristal vermelho
indefinido,indefinido,leite em p
indefinido,indefinido,bota seg elastico 9 linha
indefinido,indefinido,oximetro pulso de dedo md 9 c 9 marca choice mmed lote 9
indefinido,indefinido,cabo duplex 9/9 kv 9 x 9 x 9 mm
indefinido,indefinido,ureia uv quibasa
indefinido,indefinido,tijolos de 9 furos 9 x 9 x 9
ml,indefinido,nistatina 9 ui ml sus 9 ml
indefinido,indefinido,sais p reidratacao oral envel natulab
indefinido,indefinido,diesel s 9
indefinido,indefinido,cartilha do ministerio da saude
indefinido,indefinido,9 sulfato ferroso 9 mg
indefinido,indefinido,creatinina ref 9 9 lote 9 validade
indefinido,indefinido,madeira mirindiba serrada em tabua
indefinido,indefinido,fita adesiva 9 x 9 dupla face 9 adel
indefinido,indefinido,tapete de borracha unicol c 9 pcs linhas ford gm
indefinido,indefinido,sorda preta
indefinido,indefinido,ficha de fisioterapia
indefinido,indefinido,transferencia de saldo credor de icms
indefinido,indefinido,chuchu
unidade,indefinido,carbamazepina 9 mg teuto l 9 f 9/9 v 9/9
indefinido,indefinido,tijolo 9 furos
unidade,indefinido,a plasticos saco impr a d ne 9 x 9 x 9 mh
indefinido,indefinido,oxigenio liquido caminh tanque
indefinido,indefinido,transferencia de saldo credor de icms
indefinido,indefinido,amortecedor tras esq
indefinido,indefinido,tule ilusao nude
indefinido,indefinido,oxigenio liquido caminh tanque
indefinido,indefinido,papel oficio
indefinido,indefinido,macho 9/9 rosca gas
indefinido,indefinido,paver brick 9 cm natural 9 mpa
indefinido,indefinido,formula didatico polipac
indefinido,indefinido,papel camurca todas as cores
UNK,indefinido,oxigenio medicinal cil pp
indefinido,indefinido,areia
indefinido,indefinido,abacaxi
indefinido,indefinido,coentro
indefinido,indefinido,acucar
ampola,indefinido,clindamicina 9 mg fosfato item generico l aa 9/9 q 9 f v
indefinido,indefinido,base do amortecedor
indefinido,indefinido,papel contact transp 9 cm larg
indefinido,indefinido,luva algodao mesclada pigmento preto
indefinido,indefinido,transaminase tgo colorimetrico bioclin
unidade,indefinido,l 9 lona freio mb 9 vw 9/9 fd 9
indefinido,indefinido,aso latex direto 9 testes
ml,indefinido,omeprazol 9 mg injet vel
indefinido,indefinido,botina de seguranca confecc em couro n 9
indefinido,indefinido,papel guache 9 x 9
indefinido,indefinido,luva soldavel 9 mm krona
comp,indefinido,esparadrapo imp 9 cmx 9 m cremer
indefinido,indefinido,batata inglesa
ampola,indefinido,divisoria em madeira naval semi oca com revestimento laminado na cor cinza
indefinido,indefinido,tenoxicam inj uniao quimica
indefinido,indefinido,paraf cortical 9 x 9 mm iol ropm 9
caixa,indefinido,levomepromazina 9 mg 9 cp c 9 lote 9 valid 9
indefinido,indefinido,tubo esg 9 mm plastubos
litro,indefinido,sais para reidratacao oral 9 g lt 9 d
unidade,indefinido,oxacilina sodica 9 mg inj
indefinido,indefinido,papel a 9 rino rs
indefinido,indefinido,sais reidratante oral env
indefinido,indefinido,banana in natura
indefinido,indefinido,casa grande de atividade 9 monte libano
indefinido,indefinido,cartucho hp 9 c 9 bb preto
indefinido,indefinido,regua lat gel cml h 9 9 mm sav
grama,indefinido,tec percal aracaju tinto 9 larg 9 alg
indefinido,indefinido,papel hig big rool 9 x 9 branco
indefinido,indefinido,cabo flexivel 9 mm 9/9 kv
indefinido,indefinido,milho verde
indefinido,indefinido,bota p const elastico hawai n 9 9 par
ml,indefinido,spectaban t col b m fps 9 9 ml
indefinido,indefinido,piso cer porto rico 9 x 9 classic cinza atom 9
indefinido,indefinido,filtro
indefinido,indefinido,vdrl 9 testes 9 ml lote 9 d 9 validade
indefinido,indefinido,junta retificacao valv fiat 9 9 flex sabo
indefinido,indefinido,pastilha freio fiat 9 p 9 lonaflex
comp,indefinido,oxcarbazepina 9 mg c 9
ml,indefinido,colesterol mon 9 ml bioclin lotes 9 9 9
indefinido,indefinido,papel p e c g 9 mm x 9 mm daru
indefinido,indefinido,papel dobradura espelho brilho 9 x 9
indefinido,indefinido,reparo cabecote comp ar wabco vw 9 contellation
indefinido,indefinido,cano tubo de 9 esgoto
litro,indefinido,arla 9 9 lt
indefinido,indefinido,requeij o cremoso
ml,indefinido,acido urico 9 x 9 ml marca biotecnica lote 9 h 9 a
indefinido,indefinido,cola silicone 9 gr polystic
indefinido,indefinido,piso form 9 x 9 bandeirante cz a 9 9 m 9
indefinido,indefinido,concentrado amarelo ox t n 9 ml coral
indefinido,indefinido,fita kraft 9 sleeve 9 x 9 9 adelbra
indefinido,indefinido,coentro
indefinido,indefinido,papel oficio a 9 caixa c 9 resmas
indefinido,indefinido,oxigenio ppu
indefinido,indefinido,preservativo nao lubrificado
indefinido,indefinido,oleo diesel bs 9
indefinido,indefinido,luva rosc correr 9/9 tigre
ampola,indefinido,oleo diesel b s 9 no onu 9 cl 9 grp
grama,indefinido,algodao hidrof 9 g
indefinido,indefinido,filtro
indefinido,indefinido,impressora lazer samsung sl m 9 w
indefinido,indefinido,gnaisse po de pedra 9 x 9 mm
indefinido,indefinido,fosforo
indefinido,indefinido,mastro em alum nio com ponteira cromada acompanhado de 9 base nica em madeira
indefinido,indefinido,gasolina comum
indefinido,indefinido,bilirrubina colorimetrica 9 9 testes 9 9 ml teste cat marca labtest
indefinido,indefinido,fosforo
indefinido,indefinido,goiaba
indefinido,indefinido,ficha laudo
indefinido,indefinido,mangote succao 9
indefinido,indefinido,elemento filtro
indefinido,indefinido,fio de sutura de uso medico hospitalar tipo absorvivel em catgut simples 9 fio de 9 a 9 cm com agulha cilindric
indefinido,indefinido,oxigenio ppu
metro,indefinido,papel kraft ouro madeira 9 g m 9 9 x 9 cm
indefinido,indefinido,tampa lateral comp c titan 9/9 pintada s ad
indefinido,indefinido,polivitamina solucao oral natulab
indefinido,indefinido,padrao placar estampado com 9 cmisas
UNK,indefinido,oxigenio medicinal cil pp
indefinido,indefinido,polivitamina gotas dt validade 9
indefinido,indefinido,kronel gel ginecologico
indefinido,indefinido,copo descartavel copobras 9 ml
indefinido,indefinido,luva latex ilado tricotada
indefinido,indefinido,carne com osso
indefinido,indefinido,cenouras e nabos frescos ou refrigerados
indefinido,indefinido,batata inglesa da terra
indefinido,indefinido,evolu o
indefinido,indefinido,tubo plastubos agua sold pb de 9 mm
unidade,indefinido,dexclorfeniramina 9 mg maleato l 9 q 9 f v l 9 q 9 f 9/9
indefinido,indefinido,ferro 9 mm 9/9 reto
indefinido,indefinido,luvas em latex
ml,indefinido,oleo diesel b s 9 original
indefinido,indefinido,dreno penrose n 9
indefinido,indefinido,papel higienico
indefinido,indefinido,escova de robson
indefinido,indefinido,mdf branco tx 9 f 9 x 9 x 9 mm
indefinido,indefinido,brita 9
indefinido,indefinido,papel camurca todas as cores
indefinido,indefinido,fita adesiva 9/9 mat crepe cor bege
indefinido,indefinido,9 neuroestimulador implantavel activa pc canal duplo
indefinido,indefinido,flanela media 9 x 9
grama,indefinido,amilase cinetica cnpg 9 testes 9 ml teste cat 9 9/9 marca labtest imposto ibpt nacional 9
ml,indefinido,fita adesiva pvc 9 x 9 color pp 9 pp 9 eurocel
indefinido,indefinido,bateria dtz 9
indefinido,indefinido,fosfato mon sulf dissodico lote 9 valid 9
indefinido,indefinido,flores naturais
indefinido,indefinido,curva soldavel 9 mm 9
indefinido,indefinido,nitrogenio liq caminhao tanque
indefinido,indefinido,cabo multiplex mono 9 mm
indefinido,indefinido,placa em t peq frag ang reto 9 x 9 f iol lote iol 9/9 iol 9/9 ropm 9
indefinido,indefinido,gasolina comum
indefinido,indefinido,glicose monoreagente quibasa
indefinido,indefinido,bucha fixdura d 9 fischer benfixa
indefinido,indefinido,cimento endodontico sealer 9
indefinido,indefinido,transferencia de saldo credor de icms
indefinido,indefinido,creatinina enzimatica lote 9 validade
indefinido,indefinido,refeicoes
indefinido,indefinido,ripa mista
indefinido,indefinido,luva cirurgica de latex 9 maxitex
indefinido,indefinido,pastilha de freio traseiro
indefinido,indefinido,papel camurca branco art floc
indefinido,indefinido,porca sext 9/9 unc galv
indefinido,indefinido,servico de suporte tecnico operacional e
ml,indefinido,hidrocortisona gliocort 9 mg po inj novafarma
indefinido,indefinido,oxigenio samu
indefinido,indefinido,filtro
indefinido,indefinido,rapadura
indefinido,indefinido,fosforo
indefinido,indefinido,monarch cart p acrysof iib ms 9 lote 9 val 9 9
indefinido,indefinido,envelope carta pequeno
indefinido,indefinido,aceclofenaco 9 mg creme
indefinido,indefinido,vassoura piacava vila limpa tam m
indefinido,indefinido,pd 9 pastilha freio ecosport fiesta pd 9
indefinido,indefinido,estagio supervisionado o cortez
ml,indefinido,sertralina 9 mg aurobindo l xt 9 a f 9/9 v 9/9
indefinido,indefinido,cimento elizabeth
indefinido,indefinido,colesterol hdl enzimatico 9 testes 9 ml teste cat 9 9 marca labtest imposto ibpt nacional 9
indefinido,indefinido,paraf allen s cab inox 9/9 x 9/9 ciser
indefinido,indefinido,ginkobiloba 9 mg zydus
comp,indefinido,lorazepam 9 mg l 9 q 9 f v portaria 9/9 b 9
indefinido,indefinido,retentor traseiro
indefinido,indefinido,papel lencol 9 x 9 cm saporro
unidade,indefinido,piperacilina sod 9 g tazobactam sodico 9 g po p sol inj
indefinido,indefinido,glicose liquiform ref 9 9/9 lote 9 validade
grama,indefinido,atadura de crepom 9 cm 9 alg 9 fios polar
indefinido,indefinido,parafuso 9 f 9
comp,indefinido,armacao 9 x 9 nuclear tributos incidentes 9 r 9 fonte ibpt
indefinido,indefinido,alface crespa
indefinido,indefinido,parafuso sext 9/9 x 9 c porca
indefinido,indefinido,anel
indefinido,indefinido,w colcimentcolaintcinzaac 9 kgplh
indefinido,indefinido,ovos de galinha
indefinido,indefinido,mangueira cristal 9 x 9 mm plastiman
indefinido,indefinido,banana
indefinido,indefinido,tijolos 9 furos
indefinido,indefinido,acido urico liquiform ref 9 9/9 lote 9 validade
indefinido,indefinido,luva cirurgica esteril n 9 imposto ibpt nacional 9
indefinido,indefinido,fio 9
indefinido,indefinido,tijolos ceramico 9 furos 9 9 x 9
indefinido,indefinido,cartolina laminada verde
indefinido,indefinido,papel 9 kg a 9 branco
indefinido,indefinido,fio 9
indefinido,indefinido,dobradica 9 x 9 chumbar
indefinido,indefinido,chuchu
indefinido,indefinido,porta em madeira massaranduba
indefinido,indefinido,omeprazol 9 mg
indefinido,indefinido,filtro bacteriologico umidificador hmef adulto tubo extensor flexivel gvs do brasil
indefinido,indefinido,parafuso latao mq unc 9/9 x 9/9 completo
indefinido,indefinido,cartolina comum branca
indefinido,indefinido,novo codigo de processo civil comparado e anotado 9 edicao
indefinido,indefinido,algodao hidrofilo 9 g pct 9
indefinido,indefinido,grafite mina 9 mm hb
indefinido,indefinido,fer n 9 zamac cr contra fech de abrir aba
ml,indefinido,neutrogena hid corporal 9 ml
indefinido,indefinido,diesel comum
comp,indefinido,dexametasona 9 mg inj
indefinido,indefinido,papel filme
indefinido,indefinido,cart 9 grs 9 x 9 mm 9 fls canario
indefinido,indefinido,oleo diesel b s 9 comum
indefinido,indefinido,lampada compacta espiral 9 w golden
indefinido,indefinido,goiaba
indefinido,indefinido,arruela lisa inox 9/9
indefinido,indefinido,ovo de galinha
indefinido,indefinido,oleo diesel b s 9 comum
indefinido,indefinido,ovos de galinha
indefinido,indefinido,faixa em impress o digital lona 9 gr
indefinido,indefinido,papel oficio 9
indefinido,indefinido,lava pisos
indefinido,indefinido,atadura crepe 9 cm x 9 m ortoflex
indefinido,indefinido,beterraba
indefinido,indefinido,barra de direcao palio 9
indefinido,indefinido,luva sold 9 mm corr plastik
indefinido,indefinido,pasta c grampo plast azul acp
indefinido,indefinido,vitamina k inj im
indefinido,indefinido,anel
indefinido,indefinido,fita adesiva crepe 9 mm x 9 mm imposto ibpt nacional 9
indefinido,indefinido,ampicilina 9 mg
indefinido,indefinido,laranja pera
indefinido,indefinido,gasolina comum
indefinido,indefinido,colesterol liquiform ref 9 9 lote 9 validade
indefinido,indefinido,luva cirurgica esteril no 9 9 9
indefinido,indefinido,coentro
indefinido,indefinido,jg de pcs do elemento
indefinido,indefinido,papel filme
indefinido,indefinido,piso cerbras 9 x 9 pei 9 a neve plote
indefinido,indefinido,9 u 9 9 b past freio
indefinido,indefinido,oleo diesel b s 9
indefinido,indefinido,coentro mol
grama,indefinido,escopolamina dipirona sodica inj
indefinido,indefinido,cenoura
indefinido,indefinido,banana
unidade,indefinido,r 9 planetaria coniflex 9 d
indefinido,indefinido,grampo 9 com 9
indefinido,indefinido,9 ps 9 g aditivo
indefinido,indefinido,cart 9 grs 9 x 9 mm 9 fls canario
indefinido,indefinido,frioasfalto 9
indefinido,indefinido,clips niquelado mat metal tamanho 9/9
kg,kg,sal campeao 9 kg
kg,kg,cimento 9 kg mizu cp ii
kg,kg,arroz cacarola parbolizado 9 kg
grama,kg,sal mimosal 9 kg
indefinido,kg,bolo sort kg
kg,kg,cimento 9 kg
grama,kg,equinos 9 ma 9 kg
kg,kg,maca gala grande kg
grama,kg,fecula de mandioca lopes 9 kg qtd 9 un
kg,kg,farelo de soja 9 kg
comp,kg,cimento sc 9 k cimpor
kg,kg,tinta esmalte branco gelo kg
kg,kg,versatil clor bd 9 kg
kg,kg,cp ii z 9 cimpor uso geral saco 9 kg
kg,kg,torta de caro o de algod o sc 9 kg
kg,kg,argamassa itatiunga aci 9 kg
indefinido,kg,cimento de 9 kgs
kg,kg,cp ii z 9 cimpor uso geral saco 9 kg
indefinido,kg,varao ferro 9/9 sinobras 9 kg 9 mm ca 9 9
indefinido,kg,turbo massa acrilica 9 kg bd
kg,kg,feijao carioca tipo 9 9 x 9 kg
indefinido,kg,f trigo esp r branca 9 x 9 kg c ferm
kg,kg,argamassa unimassa ac 9 revestimento 9 kg
kg,kg,massa pva hidracor balde 9 kg
kg,kg,cimento elizabeth cp ii z 9 c 9 kg
kg,kg,feijao macassar 9 kg
kg,kg,cal supercal 9 kg
indefinido,kg,sal campeao 9 kg comum iodado
kg,kg,polpa cong de frutas canaa caja 9 kg
indefinido,kg,gel ultrassonografia 9 kg vicpharma
kit,kit,kit pnld
indefinido,kit,kit polimento de amalgama
indefinido,kit,kit urina 9 areas lote 9 validade
kit,kit,kit cor pin corr yam xtz 9 lander
indefinido,kit,kit embreagem fiorino 9/9 fire
kit,kit,kit pnld
kit,kit,kit pnld
litro,kit,kit andamento titan 9 riffel
kit,kit,kit pnld
indefinido,kit,kit contrato 9 am
litro,litro,refrigerante 9 lt
indefinido,litro,blue amaciante bactericida p roupas 9 lts
litro,litro,veda bem impermeabilizante azul 9 lt
litro,litro,viapol ecoprimer manta barrica 9 l
unidade,litro,carrinho metalosa 9 x 9 verm 9 l c 9 un
litro,litro,esmalte sintetico 9 lt
indefinido,litro,esm extralux 9 l cinza medio
litro,litro,tinta lux luxcril acrilica 9 lt br neve
litro,litro,detergente concentrado neutro 9 lt
indefinido,litro,saco lixo ultraplast 9 l preto
litro,litro,saco para lixo preto 9 lt
litro,litro,desinfetante novo brilho caravela 9 l
litro,litro,base coralservice coralmur 9 lt t
indefinido,litro,extralux 9 l branco
frasco,litro,iguatemi floral bb 9 l desinfetante liquido
indefinido,litro,massa corrida 9 l balde
grama,litro,saco p lixo comum 9 l pr
indefinido,litro,massa corrida 9 l balde
grama,litro,extralatex branco neve 9 lt hidracor
litro,litro,saco para lixo branco hospitalar 9 lt
litro,litro,saco para lixo preto 9 l
indefinido,litro,plaxmatic 9 9 l detergente umectante p roupas
indefinido,litro,alcool gel 9 9 litros
litro,litro,tinta lux luxcril acrilica 9 lts azul p
unidade,litro,saco p lixo infectante 9 l 9 x 9 pct c 9
litro,litro,liex soft 9 l amaciante a base de quatern rio
indefinido,litro,removed cera becker tira facil c 9 lt 9
indefinido,litro,fixador p raio x automatico p 9 lt cx papelao
litro,litro,letahcide plus bb 9 l
indefinido,litro,massa acri 9 l hidrotintas
indefinido,litro,plaxmatic 9 9 l alvejante l quido
litro,litro,oxig nio med cil om 9 l
litro,litro,tinta luxcril 9 l azul profundo lux
ml,litro,iquine delanil acril fo 9 lt bco gelo
indefinido,litro,duramais 9 l branco neve lux
litro,litro,arla 9 9 lt
ml,litro,refrigerante lim o peti c 9 l
indefinido,litro,agua mineral 9 litros
indefinido,litro,plaxmatic 9 9 l detergente umectante p roupas
litro,litro,oleo dulub hidraulico 9 9 lt
litro,litro,tirreno arla 9 9 l
litro,litro,tinta acril pintapiso 9 lt cz medio coral
litro,litro,lubrax top turbo 9 w 9 9 l
indefinido,litro,tinta rende muito 9 lts verde kiwi
litro,litro,shine dry 9 lt
indefinido,litro,alcool 9 c 9 litros
indefinido,litro,oleo 9 w 9 9 l brutu
litro,litro,saco para lixo branco hospitalar 9 lt
indefinido,litro,agua mineral 9 litros
m3,m3,oxigenio 9 m 9
m3,m3,oxigenio medicinal cil t 9 m 9
m3,m3,oxigenio 9 m 9
m3,m3,oxigenio 9 m 9
m3,m3,oxigenio 9 m 9
indefinido,m3,cilindro de oxig nio de 9 m 9
m3,m3,ar medicinal cil k 9 m 9
indefinido,m3,ar comprimido 9 m 9
indefinido,m3,ar comprimido cil linde 9 l 9 m 9 vz onu 9 ar comprimido 9 9
ml,m3,oxig nio med em cil 9 m 9 9 9 na 9 onu
m3,m3,oxigenio 9 m 9
m3,m3,oxigenio medicinal cil t 9 m 9
indefinido,m3,ar comprimido 9 m 9
m3,m3,oxigenio 9 m 9
m3,m3,ar medicinal cil k 9 m 9
m3,m3,oxig nio med cil om 9 m 9 onu 9 9 9 9
m3,m3,oxigenio medicinal cil t 9 m 9
m3,m3,oxido nitroso cil linde 9 l 9 kg vz onu 9 oxido nitroso comprimido 9 9 9
m3,m3,oxigenio 9 m 9
indefinido,m3,cilindro de oxig nio de 9 m
indefinido,m3,oxigenio samu
ml,metro,tubo de latex n 9 pct c 9 m 9 r latex lote 9
indefinido,metro,sapucaia serr em linha 9 m 9/9
indefinido,metro,papel grau cirurgico medio 9 mm x 9 m lote 9
indefinido,metro,eletroduto corrugado 9 mm 9 mt amarelo
indefinido,metro,tubo pvc 9 mm pn 9 c 9 mts er met
indefinido,metro,gaze em rolo tipo queijo 9 dobras de 9 cmx 9 m megatex
indefinido,metro,bobina p ester 9 mm x 9 m vedamax l 9 val 9/9
indefinido,metro,filme para ultrasom typi i normal upp 9 s 9 mm 9 m cx com 9 sony lote 9
metro,metro,oxigenio 9 mts
indefinido,metro,fita adesiva autoclave 9 mm x 9 m
indefinido,metro,atadura de crepom 9 f 9 cm x 9 m pct c 9 lote 9
metro,metro,papel grau cir ph 9 mmx 9 mt
ml,metro,gaze hidrofila 9 cmx 9 m 9 fios stander nataly
indefinido,metro,fita adesiva autoclave 9 mm x 9 m
indefinido,metro,papel higienico personal lavanda 9 r 9 m
litro,metro,fita 9 x 9 carvalho 9 m r
metro,metro,tecido tnt cor div 9 x 9 m 9 p polipropilento
indefinido,metro,fita isolante tigre 9 x 9 mts
metro,metro,esparadrapo impermeavel 9 cm x 9 mt
indefinido,metro,cabo flexivel 9 mm c 9 m megacampos
indefinido,metro,fita isolante 9 m display amanco
ml,ml,amoxicilina 9 mg susp 9 ml s cx prati prati donaduzzi
caixa,ml,enoxaparina sodica 9 mg 9 ml cx 9
indefinido,ml,lugol forte 9 ml marca renylab lote 9
ml,ml,addera d 9 sol or fr gts 9 ml
ml,ml,ocitocina sol inj 9 ui 9 ml iv im
ml,ml,soro fisiolog 9 9 ml
indefinido,ml,ecofilm col 9 ml latinofar
indefinido,ml,prednisolona fosf sod 9 mg ml 9 ml prati prati donaduzzi
comp,ml,cutenox sod 9 mg 9 ml c 9 seringas biochimico
metro,ml,veja multiuso original 9 ml
ml,ml,metoclopramida 9 mg ml
ml,ml,artelac col 9 ml
ml,ml,ibuprofeno xpe inf ibuprotrat 9 ml
indefinido,ml,claril 9 ml col
ml,ml,benzilp benz 9 ui inj 9 ml
ml,ml,bio latex pcr 9 ml p 9 testes bioclin
ml,ml,paracetamol 9 mg ml gts 9 ml
ml,ml,azitromicina 9 mg ml 9 mg pharlab lote 9
grama,ml,metronidazol sol a 9 9 ml c 9 gen
indefinido,ml,corante amarelo 9 ml globo
comp,ml,ciprofloxacina 9 mg 9 ml ciprobacter cx 9
indefinido,ml,ambroxol infantil xpe c 9 ml lote 9
ml,ml,albumina humana 9 9 ml
comp,ml,dimorf 9 mg ml inj
ampola,ml,furosemida 9 mg 9 ml l 9 q 9 f v
comp,ml,nidazofarma 9 inj c 9 ml farmace farmace
ml,ml,flagass baby gts fr 9 ml
ml,ml,levofloxacino 9 mg ml 9 ml
indefinido,ml,fentanila citr 9 ug ml 9 ml hipolabor a 9
ml,ml,hidroxido de aluminio 9 ml sobral
litro,ml,verniz sparlack extra marit brilh 9 ml
ml,ml,acebrofilina 9 mg ad 9 ml
indefinido,ml,dermaid locao oleosa corp 9 ml do 9
ml,ml,seringa desc 9 ml c ag ls descarpack cirurgica fernandes
indefinido,ml,alcool 9 gel 9 ml vic pharma
ml,ml,azopt susp oft 9 ml
ml,ml,soro anti a monoclonal 9 ml marca prothemo
comp,ml,valproato sd 9 mg ml 9 ml c 9
indefinido,ml,albendazol 9 mg ml susp g rati
ml,ml,soro ringer lactato 9 ml
indefinido,ml,histamin liq 9 ml sabor cereja 9
indefinido,ml,celestrat xpe 9 ml uniao quim
ml,ml,amoxicilina 9 mg susp 9 ml s cx prati prati donaduzzi
ml,ml,soro fisiologico 9 sist fec 9 ml
ml,ml,colesterol monoreag liq estavel 9 ml bioclin
indefinido,ml,tinta esm sec rap 9 ml branco
indefinido,ml,soro glicosado 9 s f 9 ml cx c 9 sanob
indefinido,ml,agua destilada 9 ml cx c 9 lote 9
indefinido,ml,oleo mineral 9 ml natulab
ml,ml,oleo de soja soya 9 ml
grama,ml,glicosado 9 sol inj 9 ml sist fechado
indefinido,ml,cloreto de sodio solucao 9 c 9 ml fresenius
indefinido,ml,soro fisiologico 9 9 ml fresenius 9 k 9
ml,ml,vinagre de alcool para culinaria embal c 9 ml
ml,ml,alphagan p col 9 ml
ml,ml,lustra moveis perfumado 9 ml
ml,ml,furosemida 9 mg ml 9 ml sol inj
comp,ml,fluconazol 9 mg ml 9 ml sist fechado
caixa,ml,clorpromazina gotas 9 mg 9 ml c 9 lote 9
ml,ml,vinagre de alcool embal c 9 ml
ml,ml,miconazol 9 loc 9 ml
grama,ml,cefalexina 9 mg 9 ml g
indefinido,ml,brometo de ipatropio 9 9 ml lote 9 l 9 valid 9
ml,rolo,gase rolo 9 x 9 9 fios bio textil bio textil
indefinido,rolo,rolo de la 9 cm atlas
caixa,unidade,nylon mon preto 9 9 c ag 9/9 9 cm cx c 9
unidade,unidade,atadura de crepom 9 cm x 9 9 fios c 9 imposto ibpt nacional 9
indefinido,unidade,ovos granja mauricea c 9
unidade,unidade,bot o bonor ny pol 9/9 9 pto c 9 und
indefinido,unidade,luva de procedimento p cx c 9 embramac
unidade,unidade,papel oficio a 9 9 x 9 c 9 fls
unidade,unidade,ovos c 9 und
unidade,unidade,atadura de crepe de 9 cm c 9 neve
ml,unidade,syphilis ice c 9 t lote d 9 marca diasorin
indefinido,unidade,papel higienico c 9
unidade,unidade,pilha media c 9 und
unidade,unidade,esponja de aco c 9 und
unidade,unidade,papel oficio a 9 report 9 x 9 c 9 fls
indefinido,unidade,captopril 9 mg g cx c 9 mario
metro,unidade,papel a 9 copimax 9 x 9 c 9 fls 9 x 9
indefinido,unidade,sonda de aspiracao traqueal n 9 pct c 9 medsonda
unidade,unidade,ovos c 9 und
unidade,unidade,ovos de galinha emb c 9 und
indefinido,unidade,pino tramontina femea 9 p pote c 9
unidade,unidade,carbono 9 face cx c 9 fls
comp,unidade,haloperidol 9 mg cx 9 halo c 9
unidade,unidade,ovos brancos bandeja c 9 und
indefinido,unidade,mebendazol susp und
unidade,unidade,ovo bandeja c 9 unds
indefinido,unidade,caneta compactor 9 c 9 az
unidade,unidade,ovos c 9 und
unidade,unidade,pano de prato c 9 ud
comp,unidade,prometazina 9 mg c 9 cristalia sp
unidade,unidade,ovos c 9 und
indefinido,unidade,papel toalha c 9 caprice
caixa,unidade,algodao 9 9 c ag 9 cm cx c 9
indefinido,unidade,papel oficio c 9
unidade,unidade,atadura crepom 9 cm pct c 9
indefinido,unidade,atadura de crepom 9 cm x 9 9 fios c 9
ml,unidade,nutrison 9 energy tetra 9 ml cx c 9 lot 9 fab val
indefinido,unidade,lamina de bisturi c 9 9 labor
ml,unidade,compressa 9 x 9 9 fios c 9 esteril
unidade,unidade,luva procedim top quality tam p 9 un medix
indefinido,unidade,eva em folha c 9
unidade,unidade,papel oficio a 9 report 9 x 9 c 9 fls
unidade,unidade,ovos bandeja c 9 und
unidade,unidade,ovos granja cascavel bd c 9 un
indefinido,unidade,noex 9 mcg c 9 doses
unidade,unidade,atadura crepom 9 cm pct c 9
indefinido,unidade,papel a 9 9 x 9 c 9 fls report
unidade,unidade,papel oficio a 9 report 9 x 9 c 9 fls
indefinido,unidade,caldo de galinha e carne knor tira c 9
indefinido,unidade,ovo medio c 9 sonovo
indefinido,unidade,copo descart vel caixa c 9 unid copobras
indefinido,unidade,dipirona envelope c 9 dipimed n 9
indefinido,unidade,triglicerideo enzimatico c 9 testes lt 9
indefinido,unidade,atadura de crepom 9 cm x 9 9 fios c 9
comp,unidade,lacto purga env c 9 comp
indefinido,unidade,pilha rayovac media c 9
comp,unidade,papel linho tam a 9 c 9 und bco offpaper
,,
